Age,Attrition,BusinessTravel,DailyRate,Department,DistanceFromHome,Education,EducationField,EmployeeCount,EmployeeNumber,EnvironmentSatisfaction,Gender,HourlyRate,JobInvolvement,JobLevel,JobRole,JobSatisfaction,MaritalStatus,MonthlyIncome,MonthlyRate,NumCompaniesWorked,Over18,OverTime,PercentSalaryHike,PerformanceRating,RelationshipSatisfaction,StandardHours,StockOptionLevel,TotalWorkingYears,TrainingTimesLastYear,WorkLifeBalance,YearsAtCompany,YearsInCurrentRole,YearsSinceLastPromotion,YearsWithCurrManager
58,No,Travel_Rarely,682,Sales,10,4,Medical,1,131,4,Male,37,3,4,Sales Executive,3,Single,13872,24409,0,Y,No,13,3,3,80,0,38,1,2,37,10,1,8
44,No,Non-Travel,489,Research & Development,23,3,Medical,1,132,2,Male,67,3,2,Laboratory Technician,2,Married,2042,25043,4,Y,No,12,3,3,80,1,17,3,4,3,2,1,2
37,Yes,Travel_Rarely,807,Human Resources,6,4,Human Resources,1,133,3,Male,63,3,1,Human Resources,1,Divorced,2073,23648,4,Y,Yes,22,4,4,80,0,7,3,3,3,2,0,2
32,No,Travel_Rarely,827,Research & Development,1,1,Life Sciences,1,134,4,Male,71,3,1,Research Scientist,1,Single,2956,15178,1,Y,No,13,3,4,80,0,1,2,3,1,0,0,0
20,Yes,Travel_Frequently,871,Research & Development,6,3,Life Sciences,1,137,4,Female,66,2,1,Laboratory Technician,4,Single,2926,19783,1,Y,Yes,18,3,2,80,0,1,5,3,1,0,1,0
34,No,Travel_Rarely,665,Research & Development,6,4,Other,1,138,1,Female,41,3,2,Research Scientist,3,Single,4809,12482,1,Y,No,14,3,3,80,0,16,3,3,16,13,2,10
37,No,Non-Travel,1040,Research & Development,2,2,Life Sciences,1,139,3,Male,100,2,2,Healthcare Representative,4,Divorced,5163,15850,5,Y,No,14,3,4,80,1,17,2,4,1,0,0,0
59,No,Non-Travel,1420,Human Resources,2,4,Human Resources,1,140,3,Female,32,2,5,Manager,4,Married,18844,21922,9,Y,No,21,4,4,80,1,30,3,3,3,2,2,2
25,Yes,Travel_Rarely,240,Sales,5,3,Marketing,1,142,3,Male,46,2,2,Sales Executive,3,Single,5744,26959,1,Y,Yes,11,3,4,80,0,6,1,3,6,4,0,3
25,No,Travel_Rarely,1280,Research & Development,7,1,Medical,1,143,4,Male,64,2,1,Research Scientist,4,Married,2889,26897,1,Y,No,11,3,3,80,2,2,2,3,2,2,2,1
22,No,Travel_Rarely,534,Research & Development,15,3,Medical,1,144,2,Female,59,3,1,Laboratory Technician,4,Single,2871,23785,1,Y,No,15,3,3,80,0,1,5,3,0,0,0,0
51,No,Travel_Frequently,1456,Research & Development,1,4,Medical,1,145,1,Female,30,2,3,Healthcare Representative,1,Single,7484,25796,3,Y,No,20,4,3,80,0,23,1,2,13,12,12,8
34,Yes,Travel_Frequently,658,Research & Development,7,3,Life Sciences,1,147,1,Male,66,1,2,Laboratory Technician,3,Single,6074,22887,1,Y,Yes,24,4,4,80,0,9,3,3,9,7,0,6
54,No,Non-Travel,142,Human Resources,26,3,Human Resources,1,148,4,Female,30,4,4,Manager,4,Single,17328,13871,2,Y,Yes,12,3,3,80,0,23,3,3,5,3,4,4
24,No,Travel_Rarely,1127,Research & Development,18,1,Life Sciences,1,150,2,Male,52,3,1,Laboratory Technician,3,Married,2774,13257,0,Y,No,12,3,3,80,1,6,2,3,5,3,1,2
34,No,Travel_Rarely,1031,Research & Development,6,4,Life Sciences,1,151,3,Female,45,2,2,Research Scientist,2,Divorced,4505,15000,6,Y,No,15,3,3,80,1,12,3,3,1,0,0,0
37,No,Travel_Rarely,1189,Sales,3,3,Life Sciences,1,152,3,Male,87,3,3,Sales Executive,4,Single,7428,14506,2,Y,No,12,3,1,80,0,12,3,3,5,3,1,3
34,No,Travel_Rarely,1354,Research & Development,5,3,Medical,1,153,3,Female,45,2,3,Manager,1,Single,11631,5615,2,Y,No,12,3,4,80,0,14,6,3,11,10,5,8
36,No,Travel_Frequently,1467,Sales,11,2,Technical Degree,1,154,2,Female,92,3,3,Sales Executive,4,Married,9738,22952,0,Y,No,14,3,3,80,1,10,6,3,9,7,2,8
36,No,Travel_Rarely,922,Research & Development,3,2,Life Sciences,1,155,1,Female,39,3,1,Laboratory Technician,4,Divorced,2835,2561,5,Y,No,22,4,1,80,1,7,2,3,1,0,0,0
43,No,Travel_Frequently,394,Sales,26,2,Life Sciences,1,158,3,Male,92,3,4,Manager,4,Married,16959,19494,1,Y,Yes,12,3,4,80,2,25,3,4,25,12,4,12
30,No,Travel_Frequently,1312,Research & Development,23,3,Life Sciences,1,159,1,Male,96,1,1,Research Scientist,3,Divorced,2613,22310,1,Y,No,25,4,3,80,3,10,2,2,10,7,0,9
33,No,Non-Travel,750,Sales,22,2,Marketing,1,160,3,Male,95,3,2,Sales Executive,2,Married,6146,15480,0,Y,No,13,3,1,80,1,8,2,4,7,7,0,7
56,Yes,Travel_Rarely,441,Research & Development,14,4,Life Sciences,1,161,2,Female,72,3,1,Research Scientist,2,Married,4963,4510,9,Y,Yes,18,3,1,80,3,7,2,3,5,4,4,3
51,No,Travel_Rarely,684,Research & Development,6,3,Life Sciences,1,162,1,Male,51,3,5,Research Director,3,Single,19537,6462,7,Y,No,13,3,3,80,0,23,5,3,20,18,15,15
31,Yes,Travel_Rarely,249,Sales,6,4,Life Sciences,1,163,2,Male,76,1,2,Sales Executive,3,Married,6172,20739,4,Y,Yes,18,3,2,80,0,12,3,2,7,7,7,7
26,No,Travel_Rarely,841,Research & Development,6,3,Other,1,164,3,Female,46,2,1,Research Scientist,2,Married,2368,23300,1,Y,No,19,3,3,80,0,5,3,2,5,4,4,3
58,Yes,Travel_Rarely,147,Research & Development,23,4,Medical,1,165,4,Female,94,3,3,Healthcare Representative,4,Married,10312,3465,1,Y,No,12,3,4,80,1,40,3,2,40,10,15,6
19,Yes,Travel_Rarely,528,Sales,22,1,Marketing,1,167,4,Male,50,3,1,Sales Representative,3,Single,1675,26820,1,Y,Yes,19,3,4,80,0,0,2,2,0,0,0,0
22,No,Travel_Rarely,594,Research & Development,2,1,Technical Degree,1,169,3,Male,100,3,1,Laboratory Technician,4,Married,2523,19299,0,Y,No,14,3,3,80,1,3,2,3,2,1,2,1
49,No,Travel_Rarely,470,Research & Development,20,4,Medical,1,170,3,Female,96,3,2,Manufacturing Director,1,Married,6567,5549,1,Y,No,14,3,3,80,0,16,2,2,15,11,5,11
43,No,Travel_Frequently,957,Research & Development,28,3,Medical,1,171,2,Female,72,4,1,Research Scientist,3,Single,4739,16090,4,Y,No,12,3,4,80,0,18,2,3,3,2,1,2
50,No,Travel_Frequently,809,Sales,12,3,Marketing,1,174,3,Female,77,3,3,Sales Executive,4,Single,9208,6645,4,Y,No,11,3,4,80,0,16,3,3,2,2,2,1
31,Yes,Travel_Rarely,542,Sales,20,3,Life Sciences,1,175,2,Female,71,1,2,Sales Executive,3,Married,4559,24788,3,Y,Yes,11,3,3,80,1,4,2,3,2,2,2,2
41,No,Travel_Rarely,802,Sales,9,1,Life Sciences,1,176,3,Male,96,3,3,Sales Executive,3,Divorced,8189,21196,3,Y,Yes,13,3,3,80,1,12,2,3,9,7,0,7
26,No,Travel_Rarely,1355,Human Resources,25,1,Life Sciences,1,177,3,Female,61,3,1,Human Resources,3,Married,2942,8916,1,Y,No,23,4,4,80,1,8,3,3,8,7,5,7
36,No,Travel_Rarely,216,Research & Development,6,2,Medical,1,178,2,Male,84,3,2,Manufacturing Director,2,Divorced,4941,2819,6,Y,No,20,4,4,80,2,7,0,3,3,2,0,1
51,Yes,Travel_Frequently,1150,Research & Development,8,4,Life Sciences,1,179,1,Male,53,1,3,Manufacturing Director,4,Single,10650,25150,2,Y,No,15,3,4,80,0,18,2,3,4,2,0,3
39,No,Travel_Rarely,1329,Sales,4,4,Life Sciences,1,182,4,Female,47,2,2,Sales Executive,3,Married,5902,14590,4,Y,No,14,3,3,80,1,17,1,4,15,11,5,9
25,No,Travel_Rarely,959,Sales,28,3,Life Sciences,1,183,1,Male,41,2,2,Sales Executive,3,Married,8639,24835,2,Y,No,18,3,4,80,0,6,3,3,2,2,2,2
30,No,Travel_Rarely,1240,Human Resources,9,3,Human Resources,1,184,3,Male,48,3,2,Human Resources,4,Married,6347,13982,0,Y,Yes,19,3,4,80,0,12,2,1,11,9,4,7
32,Yes,Travel_Rarely,1033,Research & Development,9,3,Medical,1,190,1,Female,41,3,1,Laboratory Technician,1,Single,4200,10224,7,Y,No,22,4,1,80,0,10,2,4,5,4,0,4
45,No,Travel_Rarely,1316,Research & Development,29,3,Medical,1,192,3,Male,83,3,1,Research Scientist,4,Single,3452,9752,5,Y,No,13,3,2,80,0,9,2,2,6,5,0,3
38,No,Travel_Rarely,364,Research & Development,3,5,Technical Degree,1,193,4,Female,32,3,2,Research Scientist,3,Single,4317,2302,3,Y,Yes,20,4,2,80,0,19,2,3,3,2,2,2
30,No,Travel_Rarely,438,Research & Development,18,3,Life Sciences,1,194,1,Female,75,3,1,Research Scientist,3,Single,2632,23910,1,Y,No,14,3,3,80,0,5,4,2,5,4,0,4
32,No,Travel_Frequently,689,Sales,9,2,Medical,1,195,4,Male,35,1,2,Sales Executive,4,Divorced,4668,22812,0,Y,No,17,3,4,80,3,9,2,4,8,7,0,7
30,No,Travel_Rarely,201,Research & Development,5,3,Technical Degree,1,197,4,Female,84,3,1,Research Scientist,1,Divorced,3204,10415,5,Y,No,14,3,4,80,1,8,3,3,3,2,2,2
30,No,Travel_Rarely,1427,Research & Development,2,1,Medical,1,198,2,Male,35,2,1,Laboratory Technician,4,Single,2720,11162,0,Y,No,13,3,4,80,0,6,3,3,5,3,1,2
41,No,Travel_Frequently,857,Research & Development,10,3,Life Sciences,1,199,4,Male,91,2,4,Manager,1,Divorced,17181,12888,4,Y,No,13,3,2,80,1,21,2,2,7,6,7,7
41,No,Travel_Rarely,933,Research & Development,9,4,Life Sciences,1,200,3,Male,94,3,1,Laboratory Technician,1,Married,2238,6961,2,Y,No,21,4,4,80,1,7,2,3,5,0,1,4
19,No,Travel_Rarely,1181,Research & Development,3,1,Medical,1,201,2,Female,79,3,1,Laboratory Technician,2,Single,1483,16102,1,Y,No,14,3,4,80,0,1,3,3,1,0,0,0
40,No,Travel_Frequently,1395,Research & Development,26,3,Medical,1,202,2,Female,54,3,2,Research Scientist,2,Divorced,5605,8504,1,Y,No,11,3,1,80,1,20,2,3,20,7,2,13
35,No,Travel_Rarely,662,Sales,1,5,Marketing,1,204,3,Male,94,3,3,Sales Executive,2,Married,7295,11439,1,Y,No,13,3,1,80,2,10,3,3,10,8,0,6
53,No,Travel_Rarely,1436,Sales,6,2,Marketing,1,205,2,Male,34,3,2,Sales Representative,3,Married,2306,16047,2,Y,Yes,20,4,4,80,1,13,3,1,7,7,4,5
45,No,Travel_Rarely,194,Research & Development,9,3,Life Sciences,1,206,2,Male,60,3,2,Laboratory Technician,2,Divorced,2348,10901,8,Y,No,18,3,3,80,1,20,2,1,17,9,0,15
32,No,Travel_Frequently,967,Sales,8,3,Marketing,1,207,2,Female,43,3,3,Sales Executive,4,Single,8998,15589,1,Y,No,14,3,4,80,0,9,2,3,9,8,3,7
29,No,Non-Travel,1496,Research & Development,1,1,Technical Degree,1,208,4,Male,41,3,2,Manufacturing Director,3,Married,4319,26283,1,Y,No,13,3,1,80,1,10,1,3,10,7,0,9
51,No,Travel_Rarely,1169,Research & Development,7,4,Medical,1,211,2,Male,34,2,2,Manufacturing Director,3,Married,6132,13983,2,Y,No,17,3,3,80,0,10,2,3,1,0,0,0
58,No,Travel_Rarely,1145,Research & Development,9,3,Medical,1,214,2,Female,75,2,1,Research Scientist,2,Married,3346,11873,4,Y,Yes,20,4,2,80,1,9,3,2,1,0,0,0
40,No,Travel_Rarely,630,Sales,4,4,Marketing,1,215,3,Male,67,2,3,Sales Executive,4,Married,10855,8552,7,Y,No,11,3,1,80,1,15,2,2,12,11,2,11
34,No,Travel_Frequently,303,Sales,2,4,Marketing,1,216,3,Female,75,3,1,Sales Representative,3,Married,2231,11314,6,Y,No,18,3,4,80,1,6,3,3,4,3,1,2
22,No,Travel_Rarely,1256,Research & Development,19,1,Medical,1,217,3,Male,80,3,1,Research Scientist,4,Married,2323,11992,1,Y,No,24,4,1,80,2,2,6,3,2,2,2,2
27,No,Non-Travel,691,Research & Development,9,3,Medical,1,218,4,Male,57,3,1,Research Scientist,2,Divorced,2024,5970,6,Y,No,18,3,4,80,1,6,1,1,2,2,2,2
28,No,Travel_Rarely,440,Research & Development,21,3,Medical,1,221,3,Male,42,3,1,Research Scientist,4,Married,2713,6672,1,Y,No,11,3,3,80,1,5,2,1,5,2,0,2
57,No,Travel_Rarely,334,Research & Development,24,2,Life Sciences,1,223,3,Male,83,4,3,Healthcare Representative,4,Divorced,9439,23402,3,Y,Yes,16,3,2,80,1,12,2,1,5,3,1,4
27,No,Non-Travel,1450,Research & Development,3,3,Medical,1,224,3,Male,79,2,1,Research Scientist,3,Divorced,2566,25326,1,Y,Yes,15,3,4,80,1,1,2,2,1,1,0,1
50,No,Travel_Rarely,1452,Research & Development,11,3,Life Sciences,1,226,3,Female,53,3,5,Manager,2,Single,19926,17053,3,Y,No,15,3,2,80,0,21,5,3,5,4,4,4
41,No,Travel_Rarely,465,Research & Development,14,3,Life Sciences,1,227,1,Male,56,3,1,Research Scientist,3,Divorced,2451,4609,4,Y,No,12,3,1,80,1,13,2,3,9,8,1,8
30,No,Travel_Rarely,1339,Sales,5,3,Life Sciences,1,228,2,Female,41,3,3,Sales Executive,4,Married,9419,8053,2,Y,No,12,3,3,80,1,12,2,3,10,9,7,4
38,No,Travel_Rarely,702,Sales,1,4,Life Sciences,1,230,1,Female,59,2,2,Sales Executive,4,Single,8686,12930,4,Y,No,22,4,3,80,0,12,2,4,8,3,0,7
32,No,Travel_Rarely,120,Research & Development,6,5,Life Sciences,1,231,3,Male,43,3,1,Research Scientist,3,Single,3038,12430,3,Y,No,20,4,1,80,0,8,2,3,5,4,1,4
27,No,Travel_Rarely,1157,Research & Development,17,3,Technical Degree,1,233,3,Male,51,3,1,Research Scientist,2,Married,3058,13364,0,Y,Yes,16,3,4,80,1,6,3,2,5,2,1,1
19,Yes,Travel_Frequently,602,Sales,1,1,Technical Degree,1,235,3,Female,100,1,1,Sales Representative,1,Single,2325,20989,0,Y,No,21,4,1,80,0,1,5,4,0,0,0,0
36,No,Travel_Frequently,1480,Research & Development,3,2,Medical,1,238,4,Male,30,3,1,Laboratory Technician,2,Single,2088,15062,4,Y,No,12,3,3,80,0,13,3,2,8,7,7,2
30,No,Non-Travel,111,Research & Development,9,3,Medical,1,239,3,Male,66,3,2,Laboratory Technician,1,Divorced,3072,11012,1,Y,No,11,3,3,80,2,12,4,3,12,9,6,10
45,No,Travel_Rarely,1268,Sales,4,2,Life Sciences,1,240,3,Female,30,3,2,Sales Executive,1,Divorced,5006,6319,4,Y,Yes,11,3,1,80,1,9,3,4,5,4,0,3
56,No,Travel_Rarely,713,Research & Development,8,3,Life Sciences,1,241,3,Female,67,3,1,Research Scientist,1,Divorced,4257,13939,4,Y,Yes,18,3,3,80,1,19,3,3,2,2,2,2
33,No,Travel_Rarely,134,Research & Development,2,3,Life Sciences,1,242,3,Male,90,3,1,Research Scientist,4,Single,2500,10515,0,Y,No,14,3,1,80,0,4,2,4,3,1,0,2
19,Yes,Travel_Rarely,303,Research & Development,2,3,Life Sciences,1,243,2,Male,47,2,1,Laboratory Technician,4,Single,1102,9241,1,Y,No,22,4,3,80,0,1,3,2,1,0,1,0
46,No,Travel_Rarely,526,Sales,1,2,Marketing,1,244,2,Female,92,3,3,Sales Executive,1,Divorced,10453,2137,1,Y,No,25,4,3,80,3,24,2,3,24,13,15,7
38,No,Travel_Rarely,1380,Research & Development,9,2,Life Sciences,1,245,3,Female,75,3,1,Laboratory Technician,4,Single,2288,6319,1,Y,No,12,3,3,80,0,2,3,3,2,2,2,1
31,No,Travel_Rarely,140,Research & Development,12,1,Medical,1,246,3,Female,95,3,1,Research Scientist,4,Married,3929,6984,8,Y,Yes,23,4,3,80,1,7,0,3,4,2,0,2
34,No,Travel_Rarely,629,Research & Development,27,2,Medical,1,247,4,Female,95,3,1,Research Scientist,2,Single,2311,5711,2,Y,No,15,3,4,80,0,9,3,3,3,2,1,2
41,Yes,Travel_Rarely,1356,Sales,20,2,Marketing,1,248,2,Female,70,3,1,Sales Representative,2,Single,3140,21728,1,Y,Yes,22,4,4,80,0,4,5,2,4,3,0,2
50,No,Travel_Rarely,328,Research & Development,1,3,Medical,1,249,3,Male,86,2,1,Laboratory Technician,3,Married,3690,3425,2,Y,No,15,3,4,80,1,5,2,2,3,2,0,2
53,No,Travel_Rarely,1084,Research & Development,13,2,Medical,1,250,4,Female,57,4,2,Manufacturing Director,1,Divorced,4450,26250,1,Y,No,11,3,3,80,2,5,3,3,4,2,1,3
33,No,Travel_Rarely,931,Research & Development,14,3,Medical,1,252,4,Female,72,3,1,Research Scientist,2,Married,2756,4673,1,Y,No,13,3,4,80,1,8,5,3,8,7,1,6
40,No,Travel_Rarely,989,Research & Development,4,1,Medical,1,253,4,Female,46,3,5,Manager,3,Married,19033,6499,1,Y,No,14,3,2,80,1,21,2,3,20,8,9,9
55,No,Travel_Rarely,692,Research & Development,14,4,Medical,1,254,3,Male,61,4,5,Research Director,2,Single,18722,13339,8,Y,No,11,3,4,80,0,36,3,3,24,15,2,15
34,No,Travel_Frequently,1069,Research & Development,2,1,Life Sciences,1,256,4,Male,45,2,2,Manufacturing Director,3,Married,9547,14074,1,Y,No,17,3,3,80,0,10,2,2,10,9,1,9
51,No,Travel_Rarely,313,Research & Development,3,3,Medical,1,258,4,Female,98,3,4,Healthcare Representative,2,Single,13734,7192,3,Y,No,18,3,3,80,0,21,6,3,7,7,1,0
52,No,Travel_Rarely,699,Research & Development,1,4,Life Sciences,1,259,3,Male,65,2,5,Manager,3,Married,19999,5678,0,Y,No,14,3,1,80,1,34,5,3,33,18,11,9
27,No,Travel_Rarely,894,Research & Development,9,3,Medical,1,260,4,Female,99,3,1,Research Scientist,2,Single,2279,11781,1,Y,No,16,3,4,80,0,7,2,2,7,7,0,3
35,Yes,Travel_Rarely,556,Research & Development,23,2,Life Sciences,1,261,2,Male,50,2,2,Manufacturing Director,3,Married,5916,15497,3,Y,Yes,13,3,1,80,0,8,1,3,1,0,0,1
43,No,Non-Travel,1344,Research & Development,7,3,Medical,1,262,4,Male,37,4,1,Research Scientist,4,Divorced,2089,5228,4,Y,No,14,3,4,80,3,7,3,4,5,4,2,2
45,No,Non-Travel,1195,Research & Development,2,2,Medical,1,264,1,Male,65,2,4,Manager,4,Married,16792,20462,9,Y,No,23,4,4,80,1,22,1,3,20,8,11,8
37,No,Travel_Rarely,290,Research & Development,21,3,Life Sciences,1,267,2,Male,65,4,1,Research Scientist,1,Married,3564,22977,1,Y,Yes,12,3,1,80,1,8,3,2,8,7,1,7
35,No,Travel_Frequently,138,Research & Development,2,3,Medical,1,269,2,Female,37,3,2,Laboratory Technician,2,Single,4425,15986,5,Y,No,11,3,4,80,0,10,5,3,6,2,1,2
42,No,Non-Travel,926,Research & Development,21,2,Medical,1,270,3,Female,36,3,2,Manufacturing Director,3,Divorced,5265,16439,2,Y,No,16,3,2,80,1,11,5,3,5,3,0,2
38,No,Travel_Rarely,1261,Research & Development,2,4,Life Sciences,1,271,4,Male,88,3,2,Manufacturing Director,3,Married,6553,7259,9,Y,No,14,3,2,80,0,14,3,3,1,0,0,0
38,No,Travel_Rarely,1084,Research & Development,29,3,Technical Degree,1,273,4,Male,54,3,2,Manufacturing Director,4,Married,6261,4185,3,Y,No,18,3,1,80,1,9,3,1,7,7,1,7
27,No,Travel_Frequently,472,Research & Development,1,1,Technical Degree,1,274,3,Male,60,2,2,Manufacturing Director,1,Married,4298,9679,5,Y,No,19,3,3,80,1,6,1,3,2,2,2,0
49,No,Non-Travel,1002,Research & Development,18,4,Life Sciences,1,275,4,Male,92,3,2,Manufacturing Director,4,Divorced,6804,23793,1,Y,Yes,15,3,1,80,2,7,0,3,7,7,1,7
34,No,Travel_Frequently,878,Research & Development,10,4,Medical,1,277,4,Male,43,3,1,Research Scientist,3,Divorced,3815,5972,1,Y,Yes,17,3,4,80,1,5,4,4,5,3,2,0
40,No,Travel_Rarely,905,Research & Development,19,2,Medical,1,281,3,Male,99,3,2,Laboratory Technician,4,Married,2741,16523,8,Y,Yes,15,3,3,80,1,15,2,4,7,2,3,7
38,Yes,Travel_Rarely,1180,Research & Development,29,1,Medical,1,282,2,Male,70,3,2,Healthcare Representative,1,Married,6673,11354,7,Y,Yes,19,3,2,80,0,17,2,3,1,0,0,0
29,Yes,Travel_Rarely,121,Sales,27,3,Marketing,1,283,2,Female,35,3,3,Sales Executive,4,Married,7639,24525,1,Y,No,22,4,4,80,3,10,3,2,10,4,1,9
22,No,Travel_Rarely,1136,Research & Development,5,3,Life Sciences,1,284,4,Male,60,4,1,Research Scientist,2,Divorced,2328,12392,1,Y,Yes,16,3,1,80,1,4,2,2,4,2,2,2
36,No,Travel_Frequently,635,Research & Development,18,1,Medical,1,286,2,Female,73,3,1,Laboratory Technician,4,Single,2153,7703,1,Y,No,13,3,1,80,0,8,2,3,8,1,1,7
40,No,Non-Travel,1151,Research & Development,9,5,Life Sciences,1,287,4,Male,63,2,2,Healthcare Representative,4,Married,4876,14242,9,Y,No,14,3,4,80,1,5,5,1,3,2,0,2
46,No,Travel_Rarely,644,Research & Development,1,4,Medical,1,288,4,Male,97,3,3,Healthcare Representative,1,Divorced,9396,12368,7,Y,No,16,3,3,80,1,17,3,3,4,2,0,3
32,Yes,Travel_Rarely,1045,Sales,4,4,Medical,1,291,4,Male,32,1,3,Sales Executive,4,Married,10400,25812,1,Y,No,11,3,3,80,0,14,2,2,14,8,9,8
30,No,Non-Travel,829,Research & Development,1,1,Life Sciences,1,292,3,Male,88,2,3,Manufacturing Director,3,Single,8474,20925,1,Y,No,22,4,3,80,0,12,2,3,11,8,5,8
27,No,Travel_Frequently,1242,Sales,20,3,Life Sciences,1,293,4,Female,90,3,2,Sales Executive,3,Single,9981,12916,1,Y,No,14,3,4,80,0,7,2,3,7,7,0,7
51,No,Travel_Rarely,1469,Research & Development,8,4,Life Sciences,1,296,2,Male,81,2,3,Research Director,2,Married,12490,15736,5,Y,No,16,3,4,80,2,16,5,1,10,9,4,7
30,Yes,Travel_Rarely,1005,Research & Development,3,3,Technical Degree,1,297,4,Female,88,3,1,Research Scientist,1,Single,2657,8556,5,Y,Yes,11,3,3,80,0,8,5,3,5,2,0,4
41,No,Travel_Rarely,896,Sales,6,3,Life Sciences,1,298,4,Female,75,3,3,Manager,4,Single,13591,14674,3,Y,Yes,18,3,3,80,0,16,3,3,1,0,0,0
30,Yes,Travel_Frequently,334,Sales,26,4,Marketing,1,299,3,Female,52,2,2,Sales Executive,1,Single,6696,22967,5,Y,No,15,3,3,80,0,9,5,2,6,3,0,1
29,Yes,Travel_Rarely,992,Research & Development,1,3,Technical Degree,1,300,3,Male,85,3,1,Research Scientist,3,Single,2058,19757,0,Y,No,14,3,4,80,0,7,1,2,6,2,1,5
45,No,Non-Travel,1052,Sales,6,3,Medical,1,302,4,Female,57,2,3,Sales Executive,4,Single,8865,16840,6,Y,No,12,3,4,80,0,23,2,3,19,7,12,8
54,No,Travel_Rarely,1147,Sales,3,3,Marketing,1,303,4,Female,52,3,2,Sales Executive,1,Married,5940,17011,2,Y,No,14,3,4,80,1,16,4,3,6,2,0,5
36,No,Travel_Rarely,1396,Research & Development,5,2,Life Sciences,1,304,4,Male,62,3,2,Laboratory Technician,2,Single,5914,9945,8,Y,No,16,3,4,80,0,16,3,4,13,11,3,7
33,No,Travel_Rarely,147,Research & Development,4,4,Medical,1,305,3,Female,47,2,1,Research Scientist,2,Married,2622,13248,6,Y,No,21,4,4,80,0,7,3,3,3,2,1,1
37,No,Travel_Frequently,663,Research & Development,11,3,Other,1,306,2,Male,47,3,3,Research Director,4,Divorced,12185,10056,1,Y,Yes,14,3,3,80,3,10,1,3,10,8,0,7
38,No,Travel_Rarely,119,Sales,3,3,Life Sciences,1,307,1,Male,76,3,3,Sales Executive,3,Divorced,10609,9647,0,Y,No,12,3,3,80,2,17,6,2,16,10,5,13
31,No,Non-Travel,979,Research & Development,1,4,Medical,1,308,3,Male,90,1,2,Manufacturing Director,3,Married,4345,4381,0,Y,No,12,3,4,80,1,6,2,3,5,4,1,4
59,No,Travel_Rarely,142,Research & Development,3,3,Life Sciences,1,309,3,Male,70,2,1,Research Scientist,4,Married,2177,8456,3,Y,No,17,3,1,80,1,7,6,3,1,0,0,0
37,No,Travel_Frequently,319,Sales,4,4,Marketing,1,311,1,Male,41,3,1,Sales Representative,4,Divorced,2793,2539,4,Y,No,17,3,3,80,1,13,2,3,9,8,5,8
29,No,Travel_Frequently,1413,Sales,1,1,Medical,1,312,2,Female,42,3,3,Sales Executive,4,Married,7918,6599,1,Y,No,14,3,4,80,1,11,5,3,11,10,4,1
35,No,Travel_Frequently,944,Sales,1,3,Marketing,1,314,3,Female,92,3,3,Sales Executive,3,Single,8789,9096,1,Y,No,14,3,1,80,0,10,3,4,10,7,0,8
29,Yes,Travel_Rarely,896,Research & Development,18,1,Medical,1,315,3,Male,86,2,1,Research Scientist,4,Single,2389,14961,1,Y,Yes,13,3,3,80,0,4,3,2,4,3,0,1
52,No,Travel_Rarely,1323,Research & Development,2,3,Life Sciences,1,316,3,Female,89,2,1,Laboratory Technician,4,Single,3212,3300,7,Y,No,15,3,2,80,0,6,3,2,2,2,2,2
42,No,Travel_Rarely,532,Research & Development,4,2,Technical Degree,1,319,3,Male,58,3,5,Manager,4,Married,19232,4933,1,Y,No,11,3,4,80,0,22,3,3,22,17,11,15
59,No,Travel_Rarely,818,Human Resources,6,2,Medical,1,321,2,Male,52,3,1,Human Resources,3,Married,2267,25657,8,Y,No,17,3,4,80,0,7,2,2,2,2,2,2
50,No,Travel_Rarely,854,Sales,1,4,Medical,1,323,4,Female,68,3,5,Manager,4,Divorced,19517,24118,3,Y,No,11,3,3,80,1,32,3,2,7,0,0,6
33,Yes,Travel_Rarely,813,Research & Development,14,3,Medical,1,325,3,Male,58,3,1,Laboratory Technician,4,Married,2436,22149,5,Y,Yes,13,3,3,80,1,8,2,1,5,4,0,4
43,No,Travel_Rarely,1034,Sales,16,3,Marketing,1,327,4,Female,80,3,4,Manager,4,Married,16064,7744,5,Y,Yes,22,4,3,80,1,22,3,3,17,13,1,9
33,Yes,Travel_Rarely,465,Research & Development,2,2,Life Sciences,1,328,1,Female,39,3,1,Laboratory Technician,1,Married,2707,21509,7,Y,No,20,4,1,80,0,13,3,4,9,7,1,7
52,No,Non-Travel,771,Sales,2,4,Life Sciences,1,329,1,Male,79,2,5,Manager,3,Single,19068,21030,1,Y,Yes,18,3,4,80,0,33,2,4,33,7,15,12
32,No,Travel_Rarely,1401,Sales,4,2,Life Sciences,1,330,3,Female,56,3,1,Sales Representative,2,Married,3931,20990,2,Y,No,11,3,1,80,1,6,5,3,4,3,1,2
32,Yes,Travel_Rarely,515,Research & Development,1,3,Life Sciences,1,331,4,Male,62,2,1,Laboratory Technician,3,Single,3730,9571,0,Y,Yes,14,3,4,80,0,4,2,1,3,2,1,2
39,No,Travel_Rarely,1431,Research & Development,1,4,Medical,1,332,3,Female,96,3,1,Laboratory Technician,3,Divorced,2232,15417,7,Y,No,14,3,3,80,3,7,1,3,3,2,1,2
32,No,Non-Travel,976,Sales,26,4,Marketing,1,333,3,Male,100,3,2,Sales Executive,4,Married,4465,12069,0,Y,No,18,3,1,80,0,4,2,3,3,2,2,2
41,No,Travel_Rarely,1411,Research & Development,19,2,Life Sciences,1,334,3,Male,36,3,2,Research Scientist,1,Divorced,3072,19877,2,Y,No,16,3,1,80,2,17,2,2,1,0,0,0
40,No,Travel_Rarely,1300,Research & Development,24,2,Technical Degree,1,335,1,Male,62,3,2,Research Scientist,4,Divorced,3319,24447,1,Y,No,17,3,1,80,2,9,3,3,9,8,4,7
45,No,Travel_Rarely,252,Research & Development,1,3,Other,1,336,3,Male,70,4,5,Manager,4,Married,19202,15970,0,Y,No,11,3,3,80,1,25,2,3,24,0,1,7
31,No,Travel_Frequently,1327,Research & Development,3,4,Medical,1,337,2,Male,73,3,3,Research Director,3,Divorced,13675,13523,9,Y,No,12,3,1,80,1,9,3,3,2,2,2,2
33,No,Travel_Rarely,832,Research & Development,5,4,Life Sciences,1,338,3,Female,63,2,1,Research Scientist,4,Married,2911,14776,1,Y,No,13,3,3,80,1,2,2,2,2,2,0,2
34,No,Travel_Rarely,470,Research & Development,2,4,Life Sciences,1,339,4,Male,84,2,2,Manufacturing Director,1,Married,5957,23687,6,Y,No,13,3,2,80,1,13,3,3,11,9,5,9
37,No,Travel_Rarely,1017,Research & Development,1,2,Medical,1,340,3,Female,83,2,1,Research Scientist,1,Married,3920,18697,2,Y,No,14,3,1,80,1,17,2,2,3,1,0,2
45,No,Travel_Frequently,1199,Research & Development,7,4,Life Sciences,1,341,1,Male,77,4,2,Manufacturing Director,3,Married,6434,5118,4,Y,No,17,3,4,80,1,9,1,3,3,2,0,2
37,Yes,Travel_Frequently,504,Research & Development,10,3,Medical,1,342,1,Male,61,3,3,Manufacturing Director,3,Divorced,10048,22573,6,Y,No,11,3,2,80,2,17,5,3,1,0,0,0
39,No,Travel_Frequently,505,Research & Development,2,4,Technical Degree,1,343,3,Female,64,3,3,Healthcare Representative,3,Single,10938,6420,0,Y,No,25,4,4,80,0,20,1,3,19,6,11,8
29,No,Travel_Rarely,665,Research & Development,15,3,Life Sciences,1,346,3,Male,60,3,1,Research Scientist,4,Single,2340,22673,1,Y,No,19,3,1,80,0,6,1,3,6,5,1,5
42,No,Travel_Rarely,916,Research & Development,17,2,Life Sciences,1,347,4,Female,82,4,2,Research Scientist,1,Single,6545,23016,3,Y,Yes,13,3,3,80,0,10,1,3,3,2,0,2
29,No,Travel_Rarely,1247,Sales,20,2,Marketing,1,349,4,Male,45,3,2,Sales Executive,4,Divorced,6931,10732,2,Y,No,14,3,4,80,1,10,2,3,3,2,0,2
25,No,Travel_Rarely,685,Research & Development,1,3,Life Sciences,1,350,1,Female,62,3,2,Manufacturing Director,3,Married,4898,7505,0,Y,No,12,3,4,80,2,5,3,3,4,2,1,2
42,No,Travel_Rarely,269,Research & Development,2,3,Medical,1,351,4,Female,56,2,1,Laboratory Technician,1,Divorced,2593,8007,0,Y,Yes,11,3,3,80,1,10,4,3,9,6,7,8
40,No,Travel_Rarely,1416,Research & Development,2,2,Medical,1,352,1,Male,49,3,5,Research Director,3,Divorced,19436,5949,0,Y,No,19,3,4,80,1,22,5,3,21,7,3,9
51,No,Travel_Rarely,833,Research & Development,1,3,Life Sciences,1,353,3,Male,96,3,1,Research Scientist,4,Married,2723,23231,1,Y,No,11,3,2,80,0,1,0,2,1,0,0,0
31,Yes,Travel_Frequently,307,Research & Development,29,2,Medical,1,355,3,Male,71,2,1,Laboratory Technician,2,Single,3479,11652,0,Y,No,11,3,2,80,0,6,2,4,5,4,1,4
32,No,Travel_Frequently,1311,Research & Development,7,3,Life Sciences,1,359,2,Male,100,4,1,Laboratory Technician,2,Married,2794,26062,1,Y,No,20,4,3,80,0,5,3,1,5,1,0,3
38,No,Non-Travel,1327,Sales,2,2,Life Sciences,1,361,4,Male,39,2,2,Sales Executive,4,Married,5249,19682,3,Y,No,18,3,4,80,1,13,0,3,8,7,7,5
32,No,Travel_Rarely,128,Research & Development,2,1,Technical Degree,1,362,4,Male,84,2,2,Laboratory Technician,1,Single,2176,19737,4,Y,No,13,3,4,80,0,9,5,3,6,2,0,4
46,No,Travel_Rarely,488,Sales,2,3,Technical Degree,1,363,3,Female,75,1,4,Manager,2,Married,16872,14977,3,Y,Yes,12,3,2,80,1,28,2,2,7,7,7,7
28,Yes,Travel_Rarely,529,Research & Development,2,4,Life Sciences,1,364,1,Male,79,3,1,Laboratory Technician,3,Single,3485,14935,2,Y,No,11,3,3,80,0,5,5,1,0,0,0,0
29,No,Travel_Rarely,1210,Sales,2,3,Medical,1,366,1,Male,78,2,2,Sales Executive,2,Married,6644,3687,2,Y,No,19,3,2,80,2,10,2,3,0,0,0,0
31,No,Travel_Rarely,1463,Research & Development,23,3,Medical,1,367,2,Male,64,2,2,Healthcare Representative,4,Married,5582,14408,0,Y,No,21,4,2,80,1,10,2,3,9,0,7,8
25,No,Non-Travel,675,Research & Development,5,2,Life Sciences,1,369,2,Male,85,4,2,Healthcare Representative,1,Divorced,4000,18384,1,Y,No,12,3,4,80,2,6,2,3,6,3,1,5
45,No,Travel_Rarely,1385,Research & Development,20,2,Medical,1,372,3,Male,79,3,4,Healthcare Representative,4,Married,13496,7501,0,Y,Yes,14,3,2,80,0,21,2,3,20,7,4,10
36,No,Travel_Rarely,1403,Research & Development,6,3,Life Sciences,1,373,4,Male,47,3,1,Laboratory Technician,4,Married,3210,20251,0,Y,No,11,3,3,80,1,16,4,3,15,13,10,11
55,No,Travel_Rarely,452,Research & Development,1,3,Medical,1,374,4,Male,81,3,5,Manager,1,Single,19045,18938,0,Y,Yes,14,3,3,80,0,37,2,3,36,10,4,13
47,Yes,Non-Travel,666,Research & Development,29,4,Life Sciences,1,376,1,Male,88,3,3,Manager,2,Married,11849,10268,1,Y,Yes,12,3,4,80,1,10,2,2,10,7,9,9
28,No,Travel_Rarely,1158,Research & Development,9,3,Medical,1,377,4,Male,94,3,1,Research Scientist,4,Married,2070,2613,1,Y,No,23,4,4,80,1,5,3,2,5,2,0,4
37,No,Travel_Rarely,228,Sales,6,4,Medical,1,378,3,Male,98,3,2,Sales Executive,4,Married,6502,22825,4,Y,No,14,3,2,80,1,7,5,4,5,4,0,1
21,No,Travel_Rarely,996,Research & Development,3,2,Medical,1,379,4,Male,100,2,1,Research Scientist,3,Single,3230,10531,1,Y,No,17,3,1,80,0,3,4,4,3,2,1,0
37,No,Non-Travel,728,Research & Development,1,4,Medical,1,380,1,Female,80,3,3,Research Director,4,Divorced,13603,11677,2,Y,Yes,18,3,1,80,2,15,2,3,5,2,0,2
35,No,Travel_Rarely,1315,Research & Development,22,3,Life Sciences,1,381,2,Female,71,4,3,Manager,2,Divorced,11996,19100,7,Y,No,18,3,2,80,1,10,6,2,7,7,6,2
38,No,Travel_Rarely,322,Sales,7,2,Medical,1,382,1,Female,44,4,2,Sales Executive,1,Divorced,5605,19191,1,Y,Yes,24,4,3,80,1,8,3,3,8,0,7,7
26,No,Travel_Frequently,1479,Research & Development,1,3,Life Sciences,1,384,3,Female,84,3,2,Manufacturing Director,2,Divorced,6397,26767,1,Y,No,20,4,1,80,1,6,6,1,6,5,1,4
50,No,Travel_Rarely,797,Research & Development,4,1,Life Sciences,1,385,1,Male,96,3,5,Research Director,2,Divorced,19144,15815,3,Y,No,14,3,1,80,2,28,4,2,10,4,1,6
53,No,Travel_Rarely,1070,Research & Development,3,4,Medical,1,386,3,Male,45,3,4,Research Director,3,Married,17584,21016,3,Y,Yes,16,3,4,80,3,21,5,2,5,3,1,3
42,No,Travel_Rarely,635,Sales,1,1,Life Sciences,1,387,2,Male,99,3,2,Sales Executive,3,Married,4907,24532,1,Y,No,25,4,3,80,0,20,3,3,20,16,11,6
29,No,Travel_Frequently,442,Sales,2,2,Life Sciences,1,388,2,Male,44,3,2,Sales Executive,4,Single,4554,20260,1,Y,No,18,3,1,80,0,10,3,2,10,7,0,9
55,No,Travel_Rarely,147,Research & Development,20,2,Technical Degree,1,389,2,Male,37,3,2,Laboratory Technician,4,Married,5415,15972,3,Y,Yes,19,3,4,80,1,12,4,3,10,7,0,8
26,No,Travel_Frequently,496,Research & Development,11,2,Medical,1,390,1,Male,60,3,2,Healthcare Representative,1,Married,4741,22722,1,Y,Yes,13,3,3,80,1,5,3,3,5,3,3,3
37,No,Travel_Rarely,1372,Research & Development,1,3,Life Sciences,1,391,4,Female,42,3,1,Research Scientist,4,Single,2115,15881,1,Y,No,12,3,2,80,0,17,3,3,17,12,5,7
44,Yes,Travel_Frequently,920,Research & Development,24,3,Life Sciences,1,392,4,Male,43,3,1,Laboratory Technician,3,Divorced,3161,19920,3,Y,Yes,22,4,4,80,1,19,0,1,1,0,0,0
38,No,Travel_Rarely,688,Research & Development,23,4,Life Sciences,1,393,4,Male,82,3,2,Healthcare Representative,4,Divorced,5745,18899,9,Y,No,14,3,2,80,1,10,2,3,2,2,1,2
26,Yes,Travel_Rarely,1449,Research & Development,16,4,Medical,1,394,1,Male,45,3,1,Laboratory Technician,2,Divorced,2373,14180,2,Y,Yes,13,3,4,80,1,5,2,3,3,2,0,2
28,No,Travel_Rarely,1117,Research & Development,8,2,Life Sciences,1,395,4,Female,66,3,1,Research Scientist,4,Single,3310,4488,1,Y,No,21,4,4,80,0,5,3,3,5,3,0,2
49,No,Travel_Frequently,636,Research & Development,10,4,Life Sciences,1,396,3,Female,35,3,5,Research Director,1,Single,18665,25594,9,Y,Yes,11,3,4,80,0,22,4,3,3,2,1,2
36,No,Travel_Rarely,506,Research & Development,3,3,Technical Degree,1,397,3,Male,30,3,2,Research Scientist,2,Single,4485,26285,4,Y,No,12,3,4,80,0,10,2,3,8,0,7,7
31,No,Travel_Frequently,444,Sales,5,3,Marketing,1,399,4,Female,84,3,1,Sales Representative,2,Divorced,2789,3909,1,Y,No,11,3,3,80,1,2,5,2,2,2,2,2
26,Yes,Travel_Rarely,950,Sales,4,4,Marketing,1,401,4,Male,48,2,2,Sales Executive,4,Single,5828,8450,1,Y,Yes,12,3,2,80,0,8,0,3,8,7,7,4
37,No,Travel_Frequently,889,Research & Development,9,3,Medical,1,403,2,Male,53,3,1,Research Scientist,4,Married,2326,11411,1,Y,Yes,12,3,3,80,3,4,3,2,4,2,1,2
42,No,Travel_Frequently,555,Sales,26,3,Marketing,1,404,3,Female,77,3,4,Sales Executive,2,Married,13525,14864,5,Y,No,14,3,4,80,1,23,2,4,20,4,4,8
18,Yes,Travel_Rarely,230,Research & Development,3,3,Life Sciences,1,405,3,Male,54,3,1,Laboratory Technician,3,Single,1420,25233,1,Y,No,13,3,3,80,0,0,2,3,0,0,0,0
35,No,Travel_Rarely,1232,Sales,16,3,Marketing,1,406,3,Male,96,3,3,Sales Executive,2,Married,8020,5100,0,Y,No,15,3,3,80,2,12,3,2,11,9,6,9
36,No,Travel_Frequently,566,Research & Development,18,4,Life Sciences,1,407,3,Male,81,4,1,Laboratory Technician,4,Married,3688,7122,4,Y,No,18,3,4,80,2,4,2,3,1,0,0,0
